left_x,left_y,right_x,right_y,top_x,top_y,X,Y,Z
87.0324675324675,228.590909090909,258.461038961039,179.24025974025966,353.26623376623377,428.59090909090907,0,0,0
374.0454545454546,192.22727272727263,464.9545454545455,228.590909090909,351.96753246753246,127.2922077922077,10,0,0
632.487012987013,229.8896103896103,274.0454545454545,331.1883116883116,614.3051948051948,106.51298701298691,20,0,0
371.448051948052,349.37012987012986,98.7207792207792,205.21428571428567,581.8376623376623,389.6298701298701,30,0,0
